{
  "indexes": [
    {
      "collectionGroup": "orders",
      "queryScope": "COLLECTION",
      "fields": [
        { "fieldPath": "status", "order": "ASCENDING" },
        { "fieldPath": "timestamps.createdAt", "order": "DESCENDING" }
      ]
    },
    {
      "collectionGroup": "orders",
      "queryScope": "COLLECTION",
      "fields": [
        { "fieldPath": "userId", "order": "ASCENDING" },
        { "fieldPath": "timestamps.createdAt", "order": "DESCENDING" }
      ]
    },
    {
      "collectionGroup": "refunds",
      "queryScope": "COLLECTION",
      "fields": [
        { "fieldPath": "userId", "order": "ASCENDING" },
        { "fieldPath": "createdAt", "order": "DESCENDING" }
      ]
    },
    {
      "collectionGroup": "refunds",
      "queryScope": "COLLECTION",
      "fields": [
        { "fieldPath": "status", "order": "ASCENDING" },
        { "fieldPath": "createdAt", "order": "DESCENDING" }
      ]
    },
    {
      "collectionGroup": "walletDeposits",
      "queryScope": "COLLECTION",
      "fields": [
        { "fieldPath": "userId", "order": "ASCENDING" },
        { "fieldPath": "type", "order": "ASCENDING" },
        { "fieldPath": "createdAt", "order": "DESCENDING" }
      ]
    },
    {
      "collectionGroup": "servicePrices",
      "queryScope": "COLLECTION",
      "fields": [
        { "fieldPath": "platformId", "order": "ASCENDING" },
        { "fieldPath": "quality", "order": "ASCENDING" },
        { "fieldPath": "serviceType", "order": "ASCENDING" },
        { "fieldPath": "isActive", "order": "ASCENDING" }
      ]
    },
    {
      "collectionGroup": "servicePrices",
      "queryScope": "COLLECTION", 
      "fields": [
        { "fieldPath": "platformId", "order": "ASCENDING" },
        { "fieldPath": "quality", "order": "ASCENDING" },
        { "fieldPath": "isActive", "order": "ASCENDING" }
      ]
    },
    {
      "collectionGroup": "servicePrices",
      "queryScope": "COLLECTION",
      "fields": [
        { "fieldPath": "platformId", "order": "ASCENDING" },
        { "fieldPath": "serviceType", "order": "ASCENDING" },
        { "fieldPath": "isActive", "order": "ASCENDING" }
      ]
    },
    {
      "collectionGroup": "services",
      "queryScope": "COLLECTION",
      "fields": [
        { "fieldPath": "platformId", "order": "ASCENDING" },
        { "fieldPath": "type", "order": "ASCENDING" },
        { "fieldPath": "isActive", "order": "ASCENDING" }
      ]
    },
    {
      "collectionGroup": "services",
      "queryScope": "COLLECTION",
      "fields": [
        { "fieldPath": "platformId", "order": "ASCENDING" },
        { "fieldPath": "isActive", "order": "ASCENDING" },
        { "fieldPath": "updatedAt", "order": "DESCENDING" }
      ]
    },
    {
      "collectionGroup": "services",
      "queryScope": "COLLECTION",
      "fields": [
        { "fieldPath": "platformId", "order": "ASCENDING" },
        { "fieldPath": "quality", "order": "ASCENDING" },
        { "fieldPath": "isActive", "order": "ASCENDING" }
      ]
    },
    {
      "collectionGroup": "japAPIStats",
      "queryScope": "COLLECTION",
      "fields": [
        { "fieldPath": "timestamp", "order": "ASCENDING" },
        { "fieldPath": "success", "order": "ASCENDING" }
      ]
    },
    {
      "collectionGroup": "japAPIStats",
      "queryScope": "COLLECTION",
      "fields": [
        { "fieldPath": "timestamp", "order": "DESCENDING" }
      ]
    },
    {
      "collectionGroup": "orders",
      "queryScope": "COLLECTION",
      "fields": [
        { "fieldPath": "userId", "order": "ASCENDING" },
        { "fieldPath": "timestamps.createdAt", "order": "DESCENDING" }
      ]
    },
    {
      "collectionGroup": "orders",
      "queryScope": "COLLECTION",
      "fields": [
        { "fieldPath": "status", "order": "ASCENDING" },
        { "fieldPath": "timestamps.createdAt", "order": "DESCENDING" }
      ]
    },
    {
      "collectionGroup": "refunds",
      "queryScope": "COLLECTION",
      "fields": [
        { "fieldPath": "userId", "order": "ASCENDING" },
        { "fieldPath": "createdAt", "order": "DESCENDING" }
      ]
    },
    {
      "collectionGroup": "walletDeposits",
      "queryScope": "COLLECTION",
      "fields": [
        { "fieldPath": "userId", "order": "ASCENDING" },
        { "fieldPath": "type", "order": "ASCENDING" },
        { "fieldPath": "createdAt", "order": "DESCENDING" }
      ]
    }
  ],
  "fieldOverrides": []
}